SkinTone,Moisture,Oil,RecClass,UV,Temperature,Humidity
olive,28.568835928032986,26.92615,olive_low_low,6,21.9,70
tan_brown,26.78579045545824,21.94147,tan_brown_low_low,3,20.2,55
medium,28.206330276439427,26.00248,medium_low_low,10,37.0,85
tan_brown,27.88823223401994,24.32797,tan_brown_low_low,7,33.9,53
tan_brown,29.32659332650439,22.18495,tan_brown_low_low,4,16.2,55
light,27.530127275966606,22.62901,light_low_low,6,21.7,25
medium,29.128535882966403,27.77774,medium_low_low,9,15.6,58
medium,28.735863017190383,26.28961,medium_low_low,2,27.5,61
medium,26.46154729634179,24.55472,medium_low_low,6,26.9,77
tan_brown,26.690538640728278,20.50781,tan_brown_low_low,10,35.8,31
olive,26.470824186029656,25.78732,olive_low_low,10,22.7,22
medium,27.38606633305889,25.41599,medium_low_low,7,35.4,37
deep_brown_black,28.15671285688384,22.03166,deep_brown_black_low_low,4,39.2,59
tan_brown,29.125140208108952,24.60854,tan_brown_low_low,3,17.2,40
light,26.06950175989786,28.07203,light_low_low,7,34.8,34
olive,29.765454606158727,22.80674,olive_low_low,7,29.7,45
deep_brown_black,27.49773540521911,21.07402,deep_brown_black_low_low,2,27.0,27
deep_brown_black,28.84726439014393,24.46402,deep_brown_black_low_low,5,25.5,61
light,29.644728478346945,25.5504,light_low_low,4,34.6,63
olive,28.15653281372569,22.53322,olive_low_low,1,31.0,33
tan_brown,27.587688171814445,25.67365,tan_brown_low_low,7,35.1,21
fair,28.389106570917512,27.93588,fair_low_low,11,37.6,56
olive,29.014649278157396,26.01901,olive_low_low,5,30.4,88
light,29.41530396446088,24.38636,light_low_low,1,39.5,57
deep_brown_black,26.1586439905938,23.15597,deep_brown_black_low_low,11,30.2,60
tan_brown,28.7353152498368,24.99954,tan_brown_low_low,4,30.9,81
olive,28.986696726238467,28.05287,olive_low_low,0,28.9,79
fair,28.624923548556797,29.78435,fair_low_low,11,17.3,33
fair,26.41836272891572,23.17201,fair_low_low,9,33.2,21
medium,29.67592956730178,27.77133,medium_low_low,5,28.7,89
medium,28.34108192761597,23.03547,medium_low_medium,11,26.3,36
light,27.367914859905337,27.79469,light_low_medium,8,37.8,47
olive,26.760177682590868,23.89685,olive_low_medium,0,22.4,85
olive,29.238182815561085,24.55525,olive_low_medium,10,28.1,54
deep_brown_black,30.07771586070149,22.76873,deep_brown_black_low_medium,10,32.4,24
deep_brown_black,28.121251015428445,23.90547,deep_brown_black_low_medium,9,34.9,84
deep_brown_black,29.00814427344274,19.31038,deep_brown_black_low_medium,11,26.5,59
medium,29.23318179643004,22.04751,medium_low_medium,11,36.1,75
olive,26.50846419161608,27.92221,olive_low_medium,2,34.2,55
olive,30.16280682705504,23.38531,olive_low_high,11,16.7,64
fair,28.69292695798638,26.48282,fair_low_medium,6,16.1,42
medium,27.515523409009383,26.78765,medium_low_high,3,30.5,66
tan_brown,29.530141615341545,22.87442,tan_brown_low_medium,8,23.7,50
medium,26.644145997117867,21.72403,medium_low_medium,2,20.2,30
tan_brown,30.290930875797745,24.61671,tan_brown_low_medium,4,29.5,29
fair,28.88246944532152,28.38271,fair_low_medium,2,23.5,86
light,27.7307777196229,22.73034,light_low_medium,6,28.4,33
olive,27.87673509717844,26.15014,olive_low_medium,4,26.5,29
fair,27.107142964223943,24.17128,fair_low_medium,8,29.6,20
olive,28.750106950068428,27.0239,olive_low_medium,6,25.0,24
deep_brown_black,26.379152734629145,20.0213,deep_brown_black_low_medium,1,32.4,39
light,29.95237973543728,25.97126,light_low_medium,3,19.5,27
light,29.2078168616812,27.72633,light_low_medium,8,32.4,62
fair,27.618283963400565,26.24219,fair_low_medium,11,25.3,20
light,28.30454005361563,25.27636,light_low_medium,1,36.9,76
tan_brown,27.01689619301964,23.87239,tan_brown_low_medium,9,27.9,83
light,30.216479268217054,22.26344,light_low_medium,8,39.3,47
olive,27.20046890542159,27.65337,olive_low_medium,9,30.0,56
olive,28.064227585556125,28.14027,olive_low_medium,4,20.6,66
olive,28.55586954950039,26.86985,olive_low_medium,1,35.5,56
olive,29.180549564145288,28.83347,olive_low_high,3,23.6,68
tan_brown,29.76485856402585,22.21398,tan_brown_low_high,11,23.7,63
medium,28.332219693833185,26.66832,medium_low_high,11,15.8,75
deep_brown_black,29.38440762167953,22.47962,deep_brown_black_low_high,6,28.7,47
fair,29.63282966192765,24.45757,fair_low_high,11,28.4,25
olive,27.482648554956874,27.58091,olive_low_high,7,23.9,80
light,29.74306018053645,25.4133,light_low_high,2,37.4,39
olive,29.9725442191342,28.87097,olive_low_high,0,18.2,21
light,27.43756830626152,24.69428,light_low_high,3,23.3,56
deep_brown_black,27.940991078139245,19.13092,deep_brown_black_low_high,1,23.0,39
deep_brown_black,30.124984257680232,21.43186,deep_brown_black_low_high,7,17.3,45
deep_brown_black,26.817063596417626,19.6072,deep_brown_black_low_high,3,27.0,48
light,26.77945107834818,28.8169,light_low_high,1,32.2,20
olive,26.951394836605704,22.23352,olive_low_high,5,27.8,54
deep_brown_black,29.67252292876976,19.40865,deep_brown_black_low_high,5,18.9,89
tan_brown,28.50177893120185,22.12682,tan_brown_low_high,9,24.4,78
light,27.870945276403237,24.38621,light_low_high,3,15.1,88
light,28.323981279601355,29.066,light_low_high,5,36.7,52
olive,28.47376107997028,24.64336,olive_low_high,1,17.1,70
light,28.85385507052345,29.52349,light_low_high,9,29.9,31
light,27.669859539995024,28.75039,light_low_high,11,39.7,39
deep_brown_black,27.124402833783456,23.23912,deep_brown_black_low_high,1,28.4,72
olive,27.86536672430983,27.5435,olive_low_high,9,38.1,62
deep_brown_black,27.913365439158586,21.18613,deep_brown_black_low_high,3,20.9,69
deep_brown_black,30.239191211015186,23.05829,deep_brown_black_low_high,7,34.0,48
olive,30.16787109355062,27.58465,olive_low_high,6,28.3,76
fair,28.988047446781984,23.96602,fair_low_high,11,33.0,58
deep_brown_black,26.103049541811348,21.75594,deep_brown_black_low_high,8,16.6,75
tan_brown,28.692701029000585,20.67556,tan_brown_low_high,7,18.7,62
tan_brown,27.00135651255016,21.67284,tan_brown_low_high,4,18.3,69
light,34.478814303499874,26.30597,light_medium_low,1,32.2,42
tan_brown,31.3689988697525,21.5695,tan_brown_medium_low,4,36.1,63
light,33.4108805312599,24.36223,light_medium_low,7,33.7,57
fair,34.23842668235279,29.56209,fair_medium_low,9,15.8,42
olive,30.77026203846335,28.15449,olive_medium_low,8,36.7,64
olive,31.568844305668403,25.0464,olive_medium_low,11,23.9,71
olive,31.10328961946032,24.98755,olive_medium_low,11,24.9,69
tan_brown,30.44968042708612,25.11217,tan_brown_medium_low,11,17.6,27
fair,34.5572202414982,24.87821,fair_medium_low,8,33.4,20
tan_brown,31.90743629762237,24.63979,tan_brown_medium_low,0,19.6,27
tan_brown,32.52042936957473,22.68619,tan_brown_medium_low,8,29.1,48
fair,30.7759936213859,28.72696,fair_medium_low,6,36.0,24
fair,34.647329812321246,25.51229,fair_high_low,8,17.2,66
fair,34.152012979760144,26.78946,fair_medium_low,7,28.4,53
fair,30.92596614092978,28.85203,fair_medium_low,0,20.8,84
olive,30.472157397753637,25.52109,olive_medium_low,11,23.6,74
medium,31.46156952528257,27.90532,medium_medium_low,7,26.8,62
medium,30.56483008467957,22.67983,medium_medium_low,7,23.9,49
fair,30.557887056053147,28.40683,fair_medium_low,10,31.2,36
medium,32.77354935218398,22.67721,medium_medium_low,2,27.0,45
medium,34.61249627685758,23.80503,medium_high_low,0,29.6,27
fair,31.279069150815324,25.05608,fair_medium_low,7,33.4,66
medium,34.66309653141593,23.06779,medium_high_low,2,28.9,65
tan_brown,34.33982750038024,24.06074,tan_brown_medium_low,2,29.7,87
light,34.09087657668657,22.32533,light_medium_low,0,29.1,52
light,33.24220044631096,24.14167,light_medium_low,10,24.5,20
fair,32.27243419959271,26.2405,fair_medium_low,4,23.4,38
olive,32.93569432069776,22.93837,olive_medium_low,9,37.5,50
fair,31.77979270921233,27.23152,fair_medium_low,6,30.2,33
olive,32.521302699250136,27.26872,olive_medium_low,9,21.1,72
light,34.14994800041041,22.30412,light_medium_medium,8,27.5,67
fair,33.3829967267592,23.84661,fair_medium_medium,11,23.3,88
deep_brown_black,34.161160129856405,23.30805,deep_brown_black_medium_medium,6,38.3,81
tan_brown,33.93393195903447,21.23319,tan_brown_medium_medium,8,15.2,85
medium,31.398125967440905,26.79174,medium_medium_medium,7,20.6,83
olive,32.05476988567928,28.09972,olive_medium_medium,11,24.1,89
deep_brown_black,33.20243086053124,19.92711,deep_brown_black_medium_medium,1,27.2,82
medium,33.87034700544294,24.17528,medium_medium_medium,0,36.3,52
medium,33.4668109168681,24.11426,medium_medium_medium,6,17.2,60
fair,33.93974861778163,28.02575,fair_medium_medium,6,35.1,67
medium,33.954457084648084,23.18337,medium_medium_medium,7,16.4,32
tan_brown,30.523761293053692,23.64739,tan_brown_medium_medium,4,36.1,50
deep_brown_black,32.2608926758736,24.16198,deep_brown_black_medium_high,2,16.3,87
medium,31.246113177802,25.59927,medium_medium_medium,11,15.5,23
fair,32.710710366958274,24.78368,fair_medium_medium,7,32.4,38
tan_brown,31.174987917337848,23.49471,tan_brown_medium_medium,5,39.9,89
light,32.13686990409779,23.25878,light_medium_medium,10,37.4,32
deep_brown_black,33.7801851938686,21.58586,deep_brown_black_medium_medium,2,29.4,42
medium,33.00113272472283,25.51089,medium_medium_medium,0,37.9,20
fair,34.14958059890561,25.53996,fair_medium_medium,2,15.1,73
light,30.99130370283012,26.21306,light_medium_medium,4,39.4,90
light,30.5330932446938,25.80741,light_medium_medium,2,27.3,34
olive,33.08268881554608,27.47473,olive_medium_medium,0,33.1,84
tan_brown,31.03306025749847,22.04107,tan_brown_medium_medium,4,35.5,90
medium,32.68530646211052,22.97516,medium_medium_medium,9,33.0,34
fair,32.209170396049025,23.46987,fair_medium_medium,6,28.4,40
olive,34.54255514008939,22.21413,olive_medium_medium,6,26.9,38
tan_brown,32.03627476651661,22.1082,tan_brown_medium_medium,10,36.0,79
olive,30.587257985551755,23.75774,olive_medium_medium,8,20.1,52
deep_brown_black,32.62167331050885,20.09357,deep_brown_black_medium_medium,9,39.2,68
tan_brown,31.92383961247507,21.1402,tan_brown_medium_high,9,32.8,54
tan_brown,31.69086101776122,20.97759,tan_brown_medium_high,11,20.0,63
medium,33.851833110369505,21.71145,medium_medium_high,2,33.4,30
tan_brown,32.02029616458697,23.52241,tan_brown_medium_high,6,28.2,85
olive,34.12086882358253,27.42328,olive_medium_high,0,32.7,65
tan_brown,34.650301561464644,24.05736,tan_brown_high_high,3,34.2,28
medium,32.957135000316654,26.29116,medium_medium_high,3,17.2,22
medium,33.541590562900765,24.26878,medium_medium_high,4,27.7,45
deep_brown_black,32.80203546135798,23.62523,deep_brown_black_medium_high,6,38.3,67
olive,34.700387798466586,24.53782,olive_high_high,6,23.0,85
light,33.83243831149895,23.08411,light_medium_high,10,29.8,89
light,31.58083471418127,22.7331,light_medium_high,3,24.2,47
tan_brown,31.831476482155203,24.5324,tan_brown_medium_high,6,26.4,45
deep_brown_black,30.930380244347774,21.67587,deep_brown_black_medium_high,10,28.7,44
fair,31.594790169438305,25.60468,fair_medium_high,2,28.7,31
tan_brown,30.99540563298532,21.89268,tan_brown_medium_high,5,20.0,24
deep_brown_black,34.52983660618119,22.63971,deep_brown_black_medium_high,11,32.1,67
olive,30.7029339489692,25.06683,olive_medium_high,1,17.2,56
olive,34.55894822382731,28.66659,olive_medium_high,9,18.5,63
olive,32.414324886632066,22.4891,olive_medium_high,8,15.1,34
olive,34.115586065599835,26.77365,olive_medium_high,4,17.9,62
olive,32.40729614460679,24.73763,olive_medium_high,5,26.8,67
deep_brown_black,31.129487569675057,24.95884,deep_brown_black_medium_high,11,30.2,89
deep_brown_black,30.538913643009057,19.79242,deep_brown_black_medium_high,11,34.9,65
medium,31.29720648153131,22.39304,medium_medium_high,11,17.7,62
light,33.828419333655795,26.04762,light_medium_high,11,36.3,40
olive,32.31295068017266,27.22576,olive_medium_high,3,33.6,42
fair,34.209141125345994,24.48006,fair_medium_high,10,25.2,66
deep_brown_black,33.93921040102992,19.01692,deep_brown_black_medium_high,9,38.3,34
fair,33.47955407805717,28.80482,fair_medium_high,6,39.8,44
fair,38.92027436790252,24.51763,fair_high_low,11,20.1,55
fair,37.47657729429928,26.70122,fair_high_low,8,24.5,70
medium,37.57148461517651,22.15819,medium_high_low,6,38.2,34
deep_brown_black,35.19154720458906,21.75751,deep_brown_black_high_low,0,33.0,87
fair,38.85030759934874,28.31073,fair_high_low,0,16.2,40
olive,36.72895511684269,26.07719,olive_high_low,8,34.5,32
tan_brown,35.51191086836903,21.25298,tan_brown_high_low,10,35.7,38
fair,35.20963470692648,29.85072,fair_high_low,8,33.8,53
medium,37.300707019214784,27.18929,medium_high_low,3,35.0,87
deep_brown_black,37.51669210440966,23.06671,deep_brown_black_high_low,8,35.6,71
medium,35.90473157850294,21.32992,medium_high_low,2,19.7,46
fair,34.87380432485132,29.98094,fair_high_low,6,20.9,48
deep_brown_black,36.19847003925753,22.1785,deep_brown_black_high_low,5,30.8,47
tan_brown,37.78208910857342,24.28512,tan_brown_high_low,7,37.7,54
fair,37.6642536629911,28.43671,fair_high_low,10,22.9,27
medium,37.586889909049006,21.30258,medium_high_low,8,29.7,35
light,35.00142871837325,29.11681,light_high_low,4,32.1,55
olive,37.84710187974689,28.58936,olive_high_low,0,26.3,49
medium,38.39838656776388,25.74927,medium_high_low,2,32.8,37
deep_brown_black,35.32840800209488,21.78046,deep_brown_black_high_low,9,37.5,21
fair,37.31726339222124,29.98555,fair_high_low,11,30.6,68
olive,34.88357137016405,27.04365,olive_high_low,7,28.5,23
fair,38.53081516775504,26.38978,fair_high_low,10,26.0,26
deep_brown_black,37.04213626089556,24.25152,deep_brown_black_high_low,5,29.4,58
fair,36.20728919774401,25.92788,fair_high_low,7,23.9,32
light,35.580535148894015,26.84619,light_high_low,8,24.8,50
olive,38.110471842830506,28.34009,olive_high_low,3,28.3,90
olive,36.32774449442832,22.56574,olive_high_low,0,16.7,82
deep_brown_black,37.99890858327174,24.41866,deep_brown_black_high_low,0,20.7,75
light,36.9078570535315,25.30368,light_high_low,9,28.6,61
medium,35.913085574534975,22.32426,medium_high_medium,3,25.8,80
fair,35.32950784758461,25.86759,fair_high_medium,11,23.3,61
tan_brown,34.999565179953834,24.76711,tan_brown_high_medium,6,33.3,75
fair,37.75226318788125,28.1572,fair_high_medium,1,32.3,55
fair,36.761884875145405,28.52778,fair_high_medium,2,19.2,87
medium,37.39886668045344,22.14741,medium_high_medium,0,37.0,26
fair,36.8488719131198,25.20555,fair_high_medium,4,27.4,73
light,34.985308584070694,27.4027,light_high_medium,0,33.5,20
light,38.54570832816806,22.30889,light_high_medium,7,29.3,63
olive,35.43300207947169,22.63628,olive_high_medium,0,39.9,64
deep_brown_black,36.262136597147006,19.67149,deep_brown_black_high_medium,10,33.8,66
tan_brown,38.36740916457445,22.71524,tan_brown_high_medium,0,32.7,32
fair,36.071389604559,23.27951,fair_high_medium,1,34.5,41
fair,38.30356890934228,27.34884,fair_high_medium,1,18.6,40
medium,36.70889070757907,24.8035,medium_high_medium,11,20.1,28
deep_brown_black,38.18194645494263,23.75459,deep_brown_black_high_medium,5,32.9,45
light,38.899189358422426,28.40503,light_high_medium,6,27.3,28
tan_brown,36.79469037933709,21.97608,tan_brown_high_medium,4,33.9,34
olive,35.683884928578394,26.80176,olive_high_medium,0,17.6,29
light,36.198337211724734,29.1792,light_high_medium,0,28.4,61
deep_brown_black,38.82936968865503,22.76175,deep_brown_black_high_medium,2,24.5,43
olive,35.42783522988336,26.40325,olive_high_medium,1,26.4,68
medium,38.98774972793775,23.34122,medium_high_high,4,30.1,45
medium,38.61452463174102,26.45554,medium_high_medium,11,27.6,56
fair,35.41473878100126,27.62112,fair_high_medium,9,28.5,87
deep_brown_black,38.35750788646327,24.10497,deep_brown_black_high_medium,5,27.2,69
tan_brown,34.90897082630501,21.06356,tan_brown_high_medium,6,25.2,43
olive,36.255816006226965,28.55142,olive_high_medium,3,34.3,38
light,35.92905391542288,24.78359,light_high_medium,6,15.3,79
deep_brown_black,36.51718170264249,19.91615,deep_brown_black_high_medium,10,30.0,58
deep_brown_black,38.755731580262655,19.61586,deep_brown_black_high_high,7,29.1,37
medium,35.929026788590754,22.02132,medium_high_high,10,32.9,38
fair,36.02121648830816,27.08742,fair_high_high,0,30.0,55
fair,37.776029124171934,28.91687,fair_high_high,5,35.7,74
olive,37.054125368236505,22.95002,olive_high_high,7,39.0,88
medium,35.1563176145138,22.63426,medium_high_high,4,23.6,66
deep_brown_black,38.416114082674085,22.91402,deep_brown_black_high_high,3,20.7,68
tan_brown,36.84699691137581,24.50672,tan_brown_high_high,1,25.6,52
medium,35.725072292097536,21.64765,medium_high_high,5,22.2,40
olive,36.41887656517884,27.71423,olive_high_high,5,30.4,41
olive,38.292190808912416,27.57644,olive_high_high,10,37.8,67
medium,36.453114589387766,26.67123,medium_high_high,0,18.5,56
olive,37.43106334678762,24.92917,olive_high_high,8,17.5,34
medium,38.88408396906272,24.65361,medium_high_high,11,21.4,54
light,35.95044991670166,28.89153,light_high_high,10,33.2,90
medium,35.86431649694929,27.52269,medium_high_high,5,29.8,51
medium,35.17087314033197,27.50109,medium_high_high,2,17.6,30
olive,35.8029120953995,24.15813,olive_high_high,3,38.0,29
olive,37.92959077291035,23.21037,olive_high_high,11,34.8,76
fair,35.108550583734235,29.26805,fair_high_high,10,15.6,44
fair,37.32135319545418,25.21334,fair_high_high,3,31.3,21
light,37.88464705097956,23.15554,light_high_high,2,34.3,83
fair,36.66702663317171,23.85311,fair_high_high,9,24.4,54
medium,34.81022059306022,24.97213,medium_high_high,2,16.7,26
olive,35.405132842891774,27.54886,olive_high_high,2,16.9,37
fair,37.0157246933837,25.78664,fair_high_high,3,17.6,86
fair,38.478927047063785,29.80629,fair_high_high,6,36.0,61
light,37.33773442941944,27.7486,light_high_high,3,37.8,58
deep_brown_black,35.40899812500693,24.22293,deep_brown_black_high_high,8,18.1,60
light,34.96402189814816,23.35121,light_high_high,0,20.9,43
medium,28.988653016095636,26.45781,medium_low_low,7,19.1,79
olive,26.611620268699767,25.48104,olive_low_low,6,19.7,65
light,28.405754033765184,23.87159,light_low_low,1,35.9,38
fair,29.397121726398527,24.11965,fair_low_low,7,23.3,87
olive,29.76550226678487,24.09928,olive_low_low,0,22.8,61
olive,27.377303497100005,28.14129,olive_low_low,10,20.7,51
fair,28.839460369554224,28.77333,fair_low_low,11,30.2,58
light,28.222533733888028,28.51326,light_low_low,8,24.5,55
fair,28.80703500924393,25.16442,fair_low_low,8,33.6,55
deep_brown_black,27.82252897515001,20.78445,deep_brown_black_low_low,1,20.1,22
olive,27.1321229512948,24.09183,olive_low_low,6,34.7,27
tan_brown,29.33901299293382,20.70176,tan_brown_low_low,9,30.1,89
tan_brown,28.39140768564556,25.22617,tan_brown_low_low,2,17.9,60
medium,28.47455941009639,27.95046,medium_low_low,6,25.4,87
fair,26.55682496106388,24.69238,fair_low_low,11,36.6,32
fair,26.16547050083647,28.16845,fair_low_low,9,38.1,68
medium,27.669579828369216,27.42715,medium_low_low,8,26.6,79
medium,29.06882104013901,24.63586,medium_low_low,3,27.0,21
medium,28.78344544550541,22.53346,medium_low_low,11,38.0,79
olive,29.34363896227153,27.15777,olive_low_low,0,29.7,24
deep_brown_black,29.95424804655528,20.33583,deep_brown_black_low_low,1,15.8,63
fair,26.905277282598224,28.99909,fair_low_low,0,37.8,46
olive,27.994964996930893,23.38519,olive_low_low,11,21.2,51
medium,26.903393434446592,24.92134,medium_low_low,4,29.4,40
fair,29.42604089941696,26.29661,fair_low_low,4,19.1,27
olive,27.46954862283756,22.27476,olive_low_low,10,15.8,69
deep_brown_black,28.67764253127441,23.40201,deep_brown_black_low_low,6,22.8,86
olive,28.86319707762014,22.25357,olive_low_low,8,34.5,63
deep_brown_black,28.113302061202425,23.76689,deep_brown_black_low_low,8,21.9,77
medium,26.751813588033468,25.26622,medium_low_low,2,20.5,22
deep_brown_black,27.19473216751614,23.04737,deep_brown_black_low_medium,2,20.3,89
fair,26.371916213665138,25.44131,fair_low_medium,2,27.9,21
medium,29.73681314096136,25.71331,medium_low_medium,3,39.4,63
fair,26.889429067983567,27.47839,fair_low_medium,7,26.5,21
tan_brown,27.706658365522003,20.53581,tan_brown_low_medium,5,28.9,54
light,26.14818139849809,26.37347,light_low_medium,7,36.5,49
deep_brown_black,27.2050661624492,22.90725,deep_brown_black_low_medium,0,28.4,27
light,27.66138732728965,24.75149,light_low_medium,7,19.6,41
light,27.138282172174872,28.74093,light_low_medium,3,22.5,63
deep_brown_black,29.07289940737197,24.19115,deep_brown_black_low_medium,10,22.7,77
medium,26.795788992396812,24.06855,medium_low_medium,0,24.9,55
tan_brown,28.02051666286153,24.57727,tan_brown_low_medium,7,25.7,88
fair,27.763903284781534,24.0655,fair_low_medium,3,35.0,50
olive,29.566261317607584,24.69671,olive_low_medium,5,23.7,66
fair,29.87311766144926,25.69546,fair_low_medium,7,26.7,74
olive,29.547376474034703,22.04153,olive_low_medium,3,30.6,81
fair,28.8267219693532,27.13054,fair_low_medium,2,24.4,49
deep_brown_black,27.49047542412544,22.24633,deep_brown_black_low_medium,8,35.9,74
tan_brown,28.047955100937333,25.58345,tan_brown_low_medium,2,29.7,35
olive,29.46946281101005,27.31839,olive_low_medium,8,22.4,31
medium,27.74909208909107,22.98472,medium_low_medium,1,32.9,36
fair,26.32805792284158,26.22542,fair_low_medium,1,28.2,35
fair,28.900169799569127,25.12839,fair_low_medium,1,28.4,31
olive,26.991793577521943,27.60873,olive_low_medium,5,27.0,27
medium,28.27958184959396,24.20966,medium_low_medium,2,27.4,22
medium,27.07676333437663,24.69447,medium_low_medium,8,34.1,35
deep_brown_black,27.69502024410096,24.79133,deep_brown_black_low_medium,3,17.6,49
deep_brown_black,28.830107008431398,23.61426,deep_brown_black_low_medium,0,23.4,42
deep_brown_black,27.793734066651997,21.0656,deep_brown_black_low_medium,3,16.9,24
deep_brown_black,29.583428348811054,22.19095,deep_brown_black_low_medium,0,33.8,84
deep_brown_black,28.50268421375602,19.88039,deep_brown_black_low_high,4,21.8,49
deep_brown_black,29.88097654725402,21.53766,deep_brown_black_low_high,3,37.4,40
tan_brown,27.93076790961339,22.0065,tan_brown_low_high,7,28.2,89
medium,26.691165850873013,25.33646,medium_low_high,7,35.0,41
deep_brown_black,27.681087784455208,23.42137,deep_brown_black_low_high,6,39.5,51
medium,29.54528798120726,21.71346,medium_low_high,2,36.0,52
medium,30.242424433257632,25.45956,medium_low_high,0,36.7,35
light,28.42101238499193,25.58103,light_low_high,0,25.2,57
tan_brown,30.257632252171813,23.78257,tan_brown_low_high,11,28.8,33
deep_brown_black,28.903007291191795,22.56345,deep_brown_black_low_high,10,21.3,55
fair,29.20613078489485,24.65936,fair_low_high,2,19.9,42
olive,27.996370879356657,27.23678,olive_low_high,5,27.6,85
fair,26.21475876006966,23.44826,fair_low_high,6,29.9,21
tan_brown,29.067183670121025,25.95599,tan_brown_low_high,5,23.5,84
olive,26.933872498810864,26.57981,olive_low_high,5,29.2,86
tan_brown,29.56870522424296,22.28907,tan_brown_low_high,5,37.2,71
medium,26.05365584731656,24.5449,medium_low_high,2,28.9,81
olive,26.406044115661107,25.27768,olive_low_high,5,33.0,42
medium,27.31109981271551,23.26626,medium_low_high,7,35.1,45
fair,29.746218373302654,23.8124,fair_low_high,10,39.7,87
fair,30.13533088920459,26.56272,fair_low_high,10,30.1,74
olive,29.519536875548717,27.80484,olive_low_high,1,35.2,25
olive,28.75049676165716,23.63784,olive_low_high,4,39.1,54
deep_brown_black,27.421058288805774,23.61753,deep_brown_black_low_high,0,38.6,41
tan_brown,26.264653455587347,21.99967,tan_brown_low_high,11,18.5,62
deep_brown_black,27.661180764946664,22.97103,deep_brown_black_low_high,0,25.2,34
tan_brown,28.496175805175632,24.21366,tan_brown_low_high,4,23.1,79
deep_brown_black,28.4757583164065,19.54881,deep_brown_black_low_high,11,17.2,31
medium,28.5560459571842,23.02869,medium_low_high,2,30.8,68
olive,30.038290441399656,25.86165,olive_low_high,3,33.4,61
fair,33.898897523928,23.66747,fair_medium_low,2,36.2,57
tan_brown,32.996266941593795,20.13161,tan_brown_medium_low,0,18.1,64
tan_brown,33.96870409349654,24.1395,tan_brown_medium_low,0,36.9,54
fair,30.678119430759963,27.51845,fair_medium_low,11,31.1,49
deep_brown_black,30.64189253795141,24.3339,deep_brown_black_medium_low,11,32.6,49
tan_brown,34.19241975202993,23.47915,tan_brown_medium_low,4,37.8,25
medium,31.695874986155182,27.70123,medium_medium_low,5,30.6,86
olive,32.06311654570405,23.91401,olive_medium_low,2,23.4,26
fair,30.844880750348647,24.98544,fair_medium_low,11,35.6,71
olive,32.46223322207947,27.84646,olive_medium_low,8,24.1,33
tan_brown,32.1813412889122,21.92135,tan_brown_medium_low,4,15.9,34
tan_brown,33.39383359822436,24.24753,tan_brown_medium_low,7,35.8,40
fair,34.498313115451126,23.15849,fair_medium_low,0,23.6,54
medium,31.115538858392068,24.90756,medium_medium_low,4,34.3,85
light,32.85856177719827,28.33615,light_medium_low,2,24.1,21
fair,32.55304572110368,26.9985,fair_medium_low,11,36.5,54
light,32.66098409786597,26.41113,light_medium_low,0,20.5,39
deep_brown_black,32.87888044065914,23.09845,deep_brown_black_medium_low,3,39.4,29
light,31.16007324595069,23.15746,light_medium_low,4,34.5,44
medium,31.08258716883669,24.83863,medium_medium_low,6,17.9,85
deep_brown_black,31.414490863891587,21.29727,deep_brown_black_medium_low,0,29.1,44
light,32.1856770799972,25.81952,light_medium_low,2,39.6,73
deep_brown_black,33.30648906456696,19.77445,deep_brown_black_medium_low,1,26.8,52
light,31.275158137711976,28.65464,light_medium_low,8,19.6,55
medium,32.50982550937411,26.22776,medium_medium_low,9,27.1,33
light,34.48006829362191,26.61196,light_medium_low,5,27.8,84
light,31.83418103564546,27.9303,light_medium_low,9,33.5,73
light,34.17099178355949,28.79317,light_medium_low,2,32.5,71
fair,32.61691449281959,29.82995,fair_medium_low,7,25.1,22
fair,33.53690975437144,29.5202,fair_medium_low,7,20.5,60
fair,33.752177195110775,23.50751,fair_medium_medium,1,31.1,25
medium,32.592899551259165,27.98511,medium_medium_high,5,25.5,44
deep_brown_black,33.94431926649412,19.60236,deep_brown_black_medium_medium,6,18.3,32
tan_brown,31.903716876879106,25.19383,tan_brown_medium_medium,1,37.5,27
light,33.531145617428706,26.44553,light_medium_medium,10,32.3,40
light,31.42156499339567,26.87805,light_medium_medium,9,32.1,87
medium,30.464815552127646,24.0811,medium_medium_high,1,35.6,44
light,33.45532797711338,28.0903,light_medium_medium,9,28.2,87
fair,30.715044639115234,26.40447,fair_medium_medium,0,35.4,64
tan_brown,30.680866851359024,20.08076,tan_brown_medium_medium,7,27.5,79
olive,33.94859954568163,28.48522,olive_medium_medium,0,16.7,31
light,34.3262536853523,22.31764,light_medium_medium,8,25.1,51
fair,31.754683793049868,25.85838,fair_medium_medium,10,27.4,32
olive,34.52569236321642,25.43557,olive_medium_medium,5,33.0,50
tan_brown,33.75101459670184,20.85303,tan_brown_medium_medium,6,17.7,39
olive,31.7692599385394,26.20988,olive_medium_medium,9,18.5,37
fair,33.002640521438984,29.85245,fair_medium_medium,6,21.6,79
deep_brown_black,30.531103884251195,20.78208,deep_brown_black_medium_medium,9,21.7,82
deep_brown_black,30.448225542525964,22.75195,deep_brown_black_medium_medium,2,33.3,25
olive,32.71758670531926,24.37078,olive_medium_medium,1,21.3,51
medium,30.63526153035066,27.40244,medium_medium_medium,8,30.8,62
olive,34.32774081035021,26.36267,olive_medium_medium,7,27.4,21
light,33.87924138337676,25.35686,light_medium_medium,11,29.3,79
light,32.765406430959125,23.57591,light_medium_medium,9,36.0,42
deep_brown_black,32.67675254751931,22.7416,deep_brown_black_medium_medium,6,25.1,50
medium,32.78672329366075,25.11423,medium_medium_medium,8,34.3,24
fair,30.93486656410833,25.8748,fair_medium_medium,3,25.6,53
light,31.20296121904533,23.05436,light_medium_medium,3,23.8,29
deep_brown_black,33.28595831658949,19.83672,deep_brown_black_medium_medium,0,39.0,21
tan_brown,32.845790285593054,22.14083,tan_brown_medium_medium,7,19.6,30
deep_brown_black,33.09896949104209,24.4932,deep_brown_black_medium_high,11,17.3,69
light,32.30175831292574,29.47367,light_medium_high,2,34.3,50
light,34.374919300253005,27.28793,light_medium_high,6,16.7,75
deep_brown_black,30.74385315006447,21.01802,deep_brown_black_medium_high,11,35.9,28
fair,34.0040503492482,29.51783,fair_medium_high,1,25.9,40
olive,31.77711795516132,26.0367,olive_medium_high,1,37.9,47
light,32.37875905291473,26.92514,light_medium_high,6,33.0,81
deep_brown_black,31.896239747107742,20.11092,deep_brown_black_medium_high,5,30.3,26
deep_brown_black,32.89409056134644,23.20233,deep_brown_black_medium_high,2,38.7,35
medium,34.32464074353588,25.42123,medium_medium_high,8,24.9,23
olive,31.05757379772808,25.61612,olive_medium_high,9,38.9,23
tan_brown,34.22335863792827,20.96017,tan_brown_medium_high,5,18.4,59
fair,34.4506858227284,25.3374,fair_medium_high,9,27.1,36
tan_brown,31.729701824424303,20.4547,tan_brown_medium_high,9,21.7,71
olive,31.823007916634708,28.98481,olive_medium_high,5,28.5,71
olive,32.13973435340024,26.85065,olive_medium_high,0,19.1,55
olive,33.392414737909895,23.5076,olive_medium_high,3,36.0,57
tan_brown,32.38407710388451,20.0668,tan_brown_medium_high,9,36.2,69
olive,31.298186103940605,25.35881,olive_medium_high,5,38.9,82
deep_brown_black,31.70122907958705,23.74255,deep_brown_black_medium_high,5,18.9,82
tan_brown,32.39896523526807,23.58387,tan_brown_medium_high,10,30.6,81
olive,32.43059061166275,23.59027,olive_medium_high,11,26.9,26
deep_brown_black,34.23274355767477,22.97291,deep_brown_black_medium_high,4,23.6,46
medium,31.635493702589525,27.44192,medium_medium_high,0,23.8,33
olive,30.795685187643755,28.97808,olive_medium_high,7,25.3,90
tan_brown,34.54757749843988,23.35277,tan_brown_medium_high,4,32.6,24
light,31.148619069902367,24.28817,light_medium_high,11,30.0,74
olive,33.737778702526576,23.33881,olive_medium_high,11,26.5,21
light,31.38573108573415,29.69993,light_medium_high,11,16.9,81
deep_brown_black,34.149249699176586,19.00627,deep_brown_black_medium_high,4,16.9,40
medium,38.56152520093429,23.22138,medium_high_low,6,15.1,40
fair,36.07141481736723,27.021,fair_high_low,3,39.2,29
medium,37.79047094838331,22.6589,medium_high_low,5,15.1,77
olive,35.650421412640114,26.47915,olive_high_low,3,17.6,58
light,36.48152689869299,27.98641,light_high_low,2,22.9,24
light,36.88850592849633,23.74945,light_high_low,6,35.2,84
tan_brown,37.69339882354805,25.23394,tan_brown_high_low,7,39.1,32
light,38.645439020475685,28.84758,light_high_low,3,34.8,72
tan_brown,34.9358255625624,24.01693,tan_brown_high_low,1,32.3,64
deep_brown_black,37.75455657885279,21.54113,deep_brown_black_high_low,11,28.0,51
fair,34.86373733599066,25.18818,fair_high_low,9,17.2,55
olive,38.48239704486113,26.50466,olive_high_low,2,39.0,79
tan_brown,35.29864000827528,25.21138,tan_brown_high_low,0,34.0,30
fair,39.0,26.41378,fair_high_low,7,31.0,82
light,37.49129677298367,24.64225,light_high_low,2,34.0,40
light,34.95272634796823,22.05106,light_high_low,11,33.1,71
fair,37.64674248352615,23.88912,fair_high_low,9,30.9,74
light,36.68831676589865,22.49944,light_high_low,6,39.5,45
deep_brown_black,38.62835821793515,19.01718,deep_brown_black_high_low,9,37.6,87
deep_brown_black,35.52437175852713,19.56203,deep_brown_black_high_low,4,31.2,53
fair,35.893561431368845,29.64806,fair_high_low,9,32.3,71
tan_brown,38.40284261185627,22.19016,tan_brown_high_low,4,16.3,71
tan_brown,37.92588210375063,20.17986,tan_brown_high_low,6,31.7,48
fair,36.83889033838845,23.09466,fair_high_low,8,16.1,57
tan_brown,37.26533065824848,22.09331,tan_brown_high_low,11,29.7,61
tan_brown,35.85694623242747,25.11757,tan_brown_high_low,4,40.0,40
deep_brown_black,36.02032565787047,24.87297,deep_brown_black_high_low,0,28.9,61
tan_brown,38.6825077246723,23.29778,tan_brown_high_low,9,26.8,32
medium,37.161473336940325,24.84528,medium_high_low,9,22.8,83
olive,38.06834690036904,26.45607,olive_high_low,0,18.0,36
light,37.882560438345536,26.8188,light_high_medium,1,33.3,28
medium,35.3434469354001,25.30277,medium_high_medium,5,19.8,60
tan_brown,35.62398543644427,25.79218,tan_brown_high_medium,8,17.9,20
deep_brown_black,35.14617993818758,23.41922,deep_brown_black_high_medium,7,25.5,21
fair,35.92475385842223,23.13297,fair_high_medium,4,34.9,79
tan_brown,36.26714150027623,24.89905,tan_brown_high_medium,0,33.6,67
deep_brown_black,36.48066046522875,24.98253,deep_brown_black_high_medium,6,16.4,48
olive,36.88901643679208,24.73469,olive_high_medium,4,26.4,29
tan_brown,36.940416847020735,24.50085,tan_brown_high_medium,5,28.1,77
fair,38.27977816881134,29.82447,fair_high_medium,6,31.1,79
deep_brown_black,36.8024559945365,21.3087,deep_brown_black_high_medium,2,31.3,40
deep_brown_black,36.1563200245144,20.67064,deep_brown_black_high_medium,11,24.1,47
deep_brown_black,35.42275248804772,19.00695,deep_brown_black_high_medium,9,29.0,53
olive,38.86330218078263,27.65872,olive_high_medium,2,27.0,27
tan_brown,38.95852853600216,21.83212,tan_brown_high_medium,4,37.1,78
olive,36.182785590660814,25.39859,olive_high_medium,5,28.3,68
light,36.29938456379861,27.20817,light_high_medium,8,26.0,36
light,38.260864748900815,25.36045,light_high_medium,11,25.1,79
tan_brown,34.78899085683016,20.61079,tan_brown_high_medium,4,29.3,64
olive,36.85862981900098,24.62984,olive_high_medium,0,35.1,88
fair,38.84827960841309,27.20188,fair_high_medium,3,28.5,51
deep_brown_black,37.06451032187616,23.9281,deep_brown_black_high_medium,4,31.5,63
deep_brown_black,35.150519415492624,22.42415,deep_brown_black_high_medium,11,33.4,84
tan_brown,35.26192325026344,20.0976,tan_brown_high_medium,9,28.0,27
light,36.40872935126247,26.9767,light_high_medium,9,25.7,62
light,38.12526546359189,22.67494,light_high_medium,4,36.9,20
deep_brown_black,37.05245790861794,22.52964,deep_brown_black_high_medium,6,25.4,70
tan_brown,34.806942201935854,23.43982,tan_brown_high_medium,3,26.5,43
olive,37.81923505423854,27.76999,olive_high_medium,0,39.8,43
light,37.05553254012364,27.47331,light_high_medium,4,15.0,36
olive,38.09421191452071,24.33524,olive_high_high,6,19.6,24
light,38.72313424145776,24.72591,light_high_high,9,24.6,39
light,38.77892865460064,23.54017,light_high_high,9,38.3,40
medium,36.00933567880703,27.7784,medium_high_high,5,16.8,77
light,38.30768892448595,22.35338,light_high_high,4,15.2,50
fair,38.16280382839426,23.3611,fair_high_high,3,16.3,30
tan_brown,38.33239580975422,24.59968,tan_brown_high_high,1,17.2,71
tan_brown,34.93607799902249,23.94584,tan_brown_high_high,3,15.9,34
olive,37.75287227816611,24.36716,olive_high_high,9,27.0,26
light,35.4654010155827,27.35879,light_high_high,9,29.5,47
fair,37.321286542922735,27.31354,fair_high_high,2,21.8,70
olive,37.56506718063304,27.20079,olive_high_high,9,25.0,77
medium,37.45657862934911,21.34001,medium_high_high,0,17.3,24
olive,37.132095403233286,24.14043,olive_high_high,7,23.4,24
olive,36.08896657517958,23.26604,olive_high_high,4,28.1,27
light,36.61885769641045,26.02526,light_high_high,3,33.3,83
medium,37.19449067712477,27.18395,medium_high_high,7,15.1,29
olive,34.94245651161041,25.78568,olive_high_high,6,26.7,57
fair,37.48669250589236,29.80078,fair_high_high,1,22.4,27
fair,37.16032667528502,28.90761,fair_high_high,0,36.3,44
tan_brown,37.21578021391497,24.36407,tan_brown_high_high,11,32.9,85
medium,38.26977632572504,22.43282,medium_high_high,10,29.7,69
medium,37.141959208894434,27.97902,medium_high_high,3,21.9,86
tan_brown,38.50521306449738,24.60937,tan_brown_high_high,7,37.8,68
olive,36.4167330470922,22.92421,olive_high_high,11,16.1,55
medium,35.389846718150466,21.94528,medium_high_high,1,17.7,87
fair,35.208814413018416,25.70124,fair_high_high,2,24.8,60
fair,37.0850026059106,24.42722,fair_high_high,11,18.1,81
light,37.66211205502484,22.19967,light_high_high,0,38.9,29
medium,38.8766463545813,23.35071,medium_high_high,0,34.9,40
olive,26.04141622690785,28.16377,olive_low_low,2,21.5,55
tan_brown,26.559202525757552,22.22461,tan_brown_low_low,10,29.7,31
tan_brown,29.927760502314023,21.38915,tan_brown_low_low,4,39.6,21
olive,26.666799181594577,22.40519,olive_low_low,11,37.1,32
deep_brown_black,29.869760699058684,24.84956,deep_brown_black_low_low,2,30.0,72
light,27.151604004981845,25.61861,light_low_low,0,37.6,51
tan_brown,29.059864593702407,23.52759,tan_brown_low_low,0,39.7,35
medium,28.40333954142216,24.81721,medium_low_low,7,33.6,51
light,28.441148858360997,27.09264,light_low_low,9,16.6,51
medium,27.293573466009995,21.46159,medium_low_low,10,25.0,30
fair,29.463886286142497,29.11856,fair_low_low,11,35.9,29
light,29.126332123222355,29.07827,light_low_low,11,20.8,34
tan_brown,28.973403864154346,24.29493,tan_brown_low_low,1,35.8,36
light,27.929674481503557,23.30957,light_low_low,2,18.0,59
light,29.71244948792954,22.59899,light_low_low,1,16.2,37
light,29.203442229313307,27.69173,light_low_low,2,24.6,74
deep_brown_black,29.685612784613756,23.65711,deep_brown_black_low_low,6,15.9,44
light,27.508471118374757,26.10171,light_low_low,0,38.9,78
medium,27.26368440621079,24.8259,medium_low_low,9,35.7,41
fair,26.994790445789203,25.62704,fair_low_low,7,35.0,49
olive,27.8346301368141,23.50988,olive_low_low,9,30.7,63
light,28.41642898999934,25.98292,light_low_low,9,20.4,51
tan_brown,26.316343646951047,24.59861,tan_brown_low_low,9,28.0,70
light,27.22995726243277,26.98935,light_low_low,1,29.9,65
tan_brown,29.7340474232828,22.31106,tan_brown_low_low,2,28.1,40
medium,27.354862328177784,22.89857,medium_low_low,8,21.5,51
tan_brown,27.224516806317254,21.20724,tan_brown_low_low,6,27.9,58
olive,27.828830015962,28.58763,olive_low_low,3,27.3,31
fair,29.045998659073256,27.09408,fair_low_low,9,39.9,66
tan_brown,26.38047181561609,25.00526,tan_brown_low_low,4,37.4,37
tan_brown,26.365008516930832,20.66672,tan_brown_low_medium,1,26.6,40
fair,27.40239950173354,23.28757,fair_low_medium,10,30.6,32
olive,26.76967431809558,26.11784,olive_low_medium,7,33.7,40
light,27.13867373370972,23.3598,light_low_medium,3,15.9,27
tan_brown,29.866020453058887,22.80617,tan_brown_low_medium,8,37.4,65
fair,28.760820064470224,26.62258,fair_low_medium,4,36.5,26
medium,26.740072827439157,21.6526,medium_low_medium,8,26.4,42
fair,28.78565682230986,25.1457,fair_low_medium,3,24.8,41
medium,27.32952078850001,24.46892,medium_low_medium,9,21.8,41
olive,28.03259548340381,23.9651,olive_low_medium,4,26.9,48
light,28.755411981512,25.30109,light_low_medium,8,16.1,32
fair,27.87060367843871,26.36455,fair_low_medium,7,36.3,21
deep_brown_black,28.01942471028065,24.00478,deep_brown_black_low_medium,2,15.9,48
tan_brown,28.6669457595919,24.11576,tan_brown_low_medium,0,23.2,71
olive,29.45872858769625,25.45784,olive_low_medium,2,38.3,46
fair,29.401863332185663,28.09342,fair_low_high,3,33.4,69
tan_brown,29.58845822663405,25.67572,tan_brown_low_medium,1,22.0,42
fair,26.08561773005993,29.0667,fair_low_medium,0,21.3,63
medium,29.90923418234996,23.81915,medium_low_medium,6,15.1,41
fair,27.8551036436366,28.15096,fair_low_medium,7,32.4,62
deep_brown_black,28.077299819628845,22.8293,deep_brown_black_low_medium,6,16.2,56
fair,28.542319191999766,26.18239,fair_low_medium,4,28.3,80
fair,27.04917872381873,28.57811,fair_low_medium,11,39.1,75
deep_brown_black,28.45392790847388,20.61602,deep_brown_black_low_medium,0,17.7,22
olive,27.97718502657603,23.25867,olive_low_medium,6,37.4,82
fair,27.13536197468212,28.21093,fair_low_medium,6,39.8,38
deep_brown_black,29.531099147755207,23.85606,deep_brown_black_low_medium,8,16.5,42
tan_brown,27.965954758793515,21.29601,tan_brown_low_medium,2,37.1,48
medium,28.151398982675914,26.63316,medium_low_medium,8,27.9,49
medium,28.086834512070016,24.63483,medium_low_medium,0,37.7,58
fair,26.481804913760776,27.38268,fair_low_high,0,29.3,44
olive,28.624644144007554,23.19888,olive_low_high,3,31.6,27
olive,26.47067732119399,24.72796,olive_low_high,8,28.6,77
tan_brown,27.862024077412684,24.48083,tan_brown_low_high,5,36.6,35
fair,29.9243323749278,27.36496,fair_low_high,10,33.3,20
medium,26.0,24.4201,medium_low_high,2,28.0,24
olive,29.7554470886617,26.50253,olive_low_high,0,36.7,22
fair,27.21561808416076,24.74655,fair_low_high,3,21.1,84
olive,28.743716287137147,22.69613,olive_low_high,11,18.9,23
deep_brown_black,28.25940464173686,20.90036,deep_brown_black_low_high,8,19.0,83
olive,29.0162910812681,22.73877,olive_low_high,2,23.4,29
medium,27.003288855769487,27.5323,medium_low_high,11,21.0,40
light,28.019764139191583,22.58519,light_low_high,8,38.3,65
tan_brown,29.75696943768457,24.32798,tan_brown_low_high,6,17.6,46
tan_brown,28.71744853555492,24.38926,tan_brown_low_high,11,32.5,85
medium,28.407780385224218,23.19727,medium_low_high,3,19.7,60
olive,26.26281233831182,24.21539,olive_low_high,2,37.0,32
fair,30.16619555235328,26.65833,fair_low_high,9,39.0,28
olive,29.064608669113845,23.23183,olive_low_high,4,26.6,55
medium,27.97389545838489,22.87272,medium_low_high,4,37.0,77
tan_brown,28.76677566495702,22.39092,tan_brown_low_high,2,15.1,73
olive,30.287440074863795,24.34669,olive_low_high,11,35.5,31
tan_brown,28.79267453039728,20.82252,tan_brown_low_high,8,20.7,33
fair,27.91651607471829,29.65652,fair_low_high,3,37.7,53
tan_brown,27.704191925191367,24.32624,tan_brown_low_high,10,15.0,72
tan_brown,26.55554665919516,23.4643,tan_brown_low_high,4,28.9,39
light,29.521722184674974,22.20803,light_low_high,3,33.9,35
light,28.34966670470388,29.65102,light_low_high,4,21.5,89
deep_brown_black,27.68869361053853,24.47992,deep_brown_black_low_high,6,19.8,75
light,27.75415511947333,28.80073,light_low_high,8,17.1,77
tan_brown,32.57050430459741,21.25026,tan_brown_medium_low,6,23.2,23
medium,32.91612487202665,24.19709,medium_medium_low,4,29.0,23
tan_brown,32.66306779977842,24.34625,tan_brown_medium_low,9,17.9,39
medium,33.29064724052806,27.08334,medium_medium_low,9,24.4,29
medium,34.29496844700725,27.79678,medium_medium_low,6,15.2,43
light,32.62687995253675,28.46959,light_medium_low,9,35.5,45
olive,31.82473146977461,27.09439,olive_medium_low,4,18.2,56
fair,31.79453493628534,24.28223,fair_medium_low,2,22.1,73
light,30.58697976767131,25.51069,light_medium_low,6,15.5,40
light,34.213043101810385,25.59724,light_medium_low,10,25.8,57
olive,30.824413016825943,25.77815,olive_medium_low,10,36.0,65
fair,32.20176697116089,29.47201,fair_medium_low,1,24.8,23
tan_brown,32.7296952875668,25.6622,tan_brown_medium_low,11,19.5,79
deep_brown_black,32.80131352954097,21.44821,deep_brown_black_medium_low,8,33.8,76
deep_brown_black,30.425650397136145,20.44066,deep_brown_black_medium_low,9,34.7,64
tan_brown,32.411999852460674,24.54924,tan_brown_medium_low,9,19.3,39
light,31.54740388498272,22.55244,light_medium_low,11,34.3,36
fair,30.864297428424987,24.07434,fair_medium_low,0,38.7,90
light,32.378124186414205,26.58918,light_medium_low,5,19.2,23
medium,32.263846068083595,26.11922,medium_medium_low,6,34.3,33
light,30.917347925024774,24.14526,light_medium_low,7,32.7,22
light,31.51072888548121,29.35846,light_medium_low,9,26.8,77
tan_brown,32.82980805469494,25.04682,tan_brown_medium_low,8,16.4,74
tan_brown,32.862547374777066,25.20518,tan_brown_medium_low,1,16.9,23
tan_brown,33.81553152118472,20.96607,tan_brown_medium_low,10,36.3,43
deep_brown_black,31.780734364726264,24.3471,deep_brown_black_medium_low,9,39.8,53
medium,33.229496002793454,22.86822,medium_medium_low,1,31.9,49
tan_brown,31.781709191015874,25.51554,tan_brown_medium_low,4,26.1,38
fair,32.899909390448364,23.47922,fair_medium_low,4,31.2,50
deep_brown_black,32.73018720732054,24.52352,deep_brown_black_medium_low,5,29.9,79
olive,34.46020043808689,22.19771,olive_medium_medium,2,24.6,79
fair,32.61108955471552,25.38333,fair_medium_medium,7,16.6,38
fair,34.423769974329595,26.18108,fair_medium_medium,0,35.5,68
tan_brown,34.19605937710422,20.33697,tan_brown_medium_medium,5,24.3,82
olive,31.11631115206812,22.61098,olive_medium_medium,3,35.5,41
olive,32.3058584058262,22.38698,olive_medium_medium,0,21.3,43
deep_brown_black,31.321908091848623,19.94517,deep_brown_black_medium_medium,6,15.0,49
olive,33.400099569850845,22.89425,olive_medium_medium,8,19.0,77
medium,32.56004454788542,27.19226,medium_medium_medium,3,26.7,50
tan_brown,31.476969730271698,20.89283,tan_brown_medium_medium,3,38.6,83
olive,32.35873654919387,25.55511,olive_medium_medium,5,17.6,38
deep_brown_black,31.866342572940223,21.48161,deep_brown_black_medium_medium,11,36.4,67
medium,32.350736693122464,21.32776,medium_medium_medium,2,28.2,64
light,31.769599233429627,22.06917,light_medium_medium,11,35.6,74
light,32.9378785511525,28.16462,light_medium_medium,5,22.5,74
medium,33.862384481294995,25.05628,medium_medium_medium,6,36.0,37
deep_brown_black,33.56151955139596,24.28386,deep_brown_black_medium_medium,10,34.3,82
medium,34.14656608544598,26.02785,medium_medium_medium,9,20.8,66
tan_brown,30.93868789914199,23.12458,tan_brown_medium_medium,9,18.3,76
tan_brown,30.865158847172665,24.31359,tan_brown_medium_medium,2,36.7,64
light,32.03809335595216,25.18008,light_medium_medium,6,39.1,52
olive,31.435647081306,24.37415,olive_medium_medium,2,15.8,36
deep_brown_black,32.655759326609754,23.9253,deep_brown_black_medium_medium,1,33.3,89
light,31.243630600337248,27.43913,light_medium_medium,11,37.7,23
olive,30.490266915919896,28.43934,olive_medium_medium,9,36.4,39
olive,31.92466503950635,26.28723,olive_medium_medium,3,39.1,66
tan_brown,33.43972536312203,25.15359,tan_brown_medium_medium,11,34.0,34
fair,34.3434455819511,23.99762,fair_medium_high,7,26.1,89
fair,30.789813463301066,23.93549,fair_medium_medium,8,22.8,66
medium,30.721310457203437,24.30531,medium_medium_medium,6,23.0,28
tan_brown,32.946175825197166,24.83695,tan_brown_medium_high,0,33.1,35
olive,33.07455894117204,25.8437,olive_medium_high,2,33.6,88
deep_brown_black,32.21902696459197,19.16134,deep_brown_black_medium_high,11,20.0,80
fair,30.98446176615344,25.03099,fair_medium_high,8,36.7,29
olive,33.8705606019213,25.90559,olive_medium_high,11,32.9,69
fair,34.5790352305436,28.00317,fair_medium_high,0,29.1,22
fair,31.632828431479435,23.23588,fair_medium_high,8,26.8,89
fair,33.077357344289155,25.06999,fair_medium_high,7,28.6,70
deep_brown_black,32.633290745898755,22.74686,deep_brown_black_medium_high,0,19.0,38
tan_brown,34.54109003482383,21.08371,tan_brown_medium_high,5,20.1,61
deep_brown_black,32.37374889825566,24.77459,deep_brown_black_medium_high,4,17.3,54
light,33.7517659193901,27.20243,light_medium_high,5,18.8,65
olive,31.747487985755143,24.98765,olive_medium_high,9,26.3,45
tan_brown,31.581855564222757,21.05101,tan_brown_medium_high,11,28.3,88
tan_brown,33.40572837060133,24.50215,tan_brown_medium_high,4,15.4,83
tan_brown,34.697252692393704,25.24226,tan_brown_high_high,5,34.9,56
tan_brown,30.78809988754742,22.32218,tan_brown_medium_high,4,22.4,68
deep_brown_black,31.41664697992472,24.24799,deep_brown_black_medium_high,10,37.8,40
tan_brown,32.24497624523932,25.87355,tan_brown_medium_high,11,39.2,83
medium,33.482076239773974,23.80521,medium_medium_high,4,19.6,24
olive,32.72985737325132,22.87604,olive_medium_high,3,26.6,89
tan_brown,31.007302190570165,24.26251,tan_brown_medium_high,2,15.0,23
olive,32.088802381976905,28.31791,olive_medium_high,2,30.0,58
medium,31.1544952078202,25.59292,medium_medium_high,3,30.2,54
medium,31.65402864151636,27.31809,medium_medium_high,8,21.2,20
olive,32.41267326227573,25.27451,olive_medium_high,1,29.0,43
fair,32.696483669403435,23.51932,fair_medium_high,8,20.6,76
light,33.17141282434519,26.91038,light_medium_high,0,19.0,89
fair,34.699007087211555,24.16332,fair_high_high,0,31.3,60
fair,30.571683488584355,25.83263,fair_medium_high,4,23.1,73
deep_brown_black,36.64471045872735,22.54921,deep_brown_black_high_low,5,29.8,65
fair,35.59008219596253,26.85281,fair_high_low,5,25.8,79
tan_brown,38.19729672095359,22.93083,tan_brown_high_low,2,39.6,79
deep_brown_black,38.18624681381516,21.98974,deep_brown_black_high_low,6,18.7,76
deep_brown_black,34.76795436674968,21.89772,deep_brown_black_high_low,8,26.6,50
medium,36.88204468739793,26.45779,medium_high_low,10,32.0,43
fair,37.68536073514221,26.78005,fair_high_low,11,24.9,55
medium,35.93603318949422,21.36053,medium_high_low,9,39.4,49
olive,36.5142232137421,23.68011,olive_high_low,7,33.0,43
light,35.46142342541588,24.37373,light_high_low,5,31.4,49
deep_brown_black,38.16886608464191,22.06605,deep_brown_black_high_low,11,33.9,26
olive,35.70645938825061,27.03074,olive_high_low,7,38.8,54
olive,37.58520677811588,25.43451,olive_high_low,11,37.7,74
tan_brown,35.825080554302005,23.52804,tan_brown_high_low,4,33.1,33
light,36.20294814862329,22.9174,light_high_low,7,33.7,29
olive,36.0121656548607,26.63734,olive_high_low,9,18.6,35
olive,37.224711398098805,22.28697,olive_high_low,11,17.6,73
light,34.90884079629184,27.37721,light_high_low,3,29.3,89
light,38.22465581746941,23.1004,light_high_low,9,15.5,63
olive,34.73484712469397,25.33297,olive_high_low,7,27.1,64
light,37.67761455164421,29.48179,light_high_low,9,20.3,75
olive,37.20049638964561,28.96302,olive_high_low,11,23.7,76
olive,38.9516585902988,25.79299,olive_high_low,1,34.4,40
tan_brown,34.880165350989856,22.22871,tan_brown_high_low,11,38.5,87
fair,37.58272085143461,27.5564,fair_high_low,11,16.8,69
olive,38.42575340234909,23.76149,olive_high_low,4,28.4,52
medium,38.37228892228987,22.84818,medium_high_low,8,37.1,26
deep_brown_black,35.0027444048629,22.3264,deep_brown_black_high_low,3,17.1,89
fair,37.50153811367651,27.17517,fair_high_low,10,35.6,34
fair,36.76244718829985,25.24707,fair_high_low,5,23.9,51
fair,36.1785155555998,25.5013,fair_high_medium,0,23.1,39
tan_brown,38.20673438500491,20.93978,tan_brown_high_medium,8,39.4,34
olive,36.543408144618695,23.32884,olive_high_medium,0,20.0,67
tan_brown,36.07424504845061,20.35091,tan_brown_high_medium,4,32.3,90
olive,36.06873140661945,26.4512,olive_high_medium,3,35.5,40
tan_brown,36.70990657413211,24.69296,tan_brown_high_medium,11,16.0,61
tan_brown,37.99357300551625,25.9495,tan_brown_high_medium,2,31.8,45
deep_brown_black,37.3446557310772,21.66097,deep_brown_black_high_medium,5,38.8,33
medium,38.11688401153123,23.99061,medium_high_medium,1,18.1,76
tan_brown,36.69574464110827,23.52975,tan_brown_high_medium,2,37.4,56
deep_brown_black,38.8458081481612,19.3949,deep_brown_black_high_medium,4,29.9,77
light,36.10262201402305,26.95802,light_high_medium,8,30.4,40
medium,37.05276488630127,26.96597,medium_high_medium,1,30.3,88
tan_brown,37.455316552443605,25.25686,tan_brown_high_medium,9,22.5,22
fair,35.042890923231724,26.30043,fair_high_medium,7,38.4,56
light,37.81154750545063,29.8575,light_high_medium,1,38.7,68
light,38.83788257599453,26.2302,light_high_medium,10,30.6,38
deep_brown_black,37.21953238775773,19.37803,deep_brown_black_high_medium,4,34.6,31
light,37.24636343878271,26.63111,light_high_medium,6,30.3,80
medium,36.6659581914662,25.60194,medium_high_medium,7,27.1,60
tan_brown,38.64452741292483,23.77167,tan_brown_high_medium,0,31.5,52
tan_brown,35.442039211578866,23.79717,tan_brown_high_medium,5,28.8,69
fair,35.957820722511,23.34258,fair_high_medium,0,29.9,87
deep_brown_black,38.764869749670346,19.04022,deep_brown_black_high_medium,1,34.6,90
fair,37.14247955665222,23.25724,fair_high_medium,0,27.0,52
light,35.31280306290931,24.43868,light_high_medium,10,16.0,43
fair,36.30438035091738,26.87535,fair_high_medium,4,19.1,80
medium,38.19276150835708,25.52507,medium_high_medium,9,26.0,80
tan_brown,37.041283798114186,22.42831,tan_brown_high_medium,8,33.1,47
light,35.5820083890864,27.47514,light_high_medium,5,29.8,77
fair,36.88523493843782,28.13898,fair_high_high,10,31.3,62
deep_brown_black,36.47424278736613,22.20788,deep_brown_black_high_high,10,27.0,60
medium,37.074079210416485,25.15012,medium_high_high,0,30.4,58
medium,35.97853921007851,24.54158,medium_high_high,0,23.2,68
fair,35.19014586195211,28.65538,fair_high_high,1,26.8,36
tan_brown,38.05326084902636,21.77324,tan_brown_high_high,8,33.6,89
fair,35.70297019816749,24.936,fair_high_high,2,36.8,89
light,36.08457140641532,23.62418,light_high_high,0,25.8,84
fair,34.80064478228531,24.94233,fair_high_high,4,16.1,24
medium,35.604899390055536,23.33995,medium_high_high,6,19.0,21
fair,37.39444194255736,27.5506,fair_high_high,5,15.5,41
tan_brown,36.55257946138097,25.59471,tan_brown_high_high,11,31.3,76
deep_brown_black,35.4044734128678,19.7828,deep_brown_black_high_high,0,23.3,85
olive,37.337077946549854,23.95828,olive_high_high,4,28.6,35
fair,38.34319675846508,26.45313,fair_high_high,4,27.3,70
tan_brown,35.17712206530517,20.80988,tan_brown_high_high,5,17.0,58
tan_brown,36.88347576441552,24.2562,tan_brown_high_high,2,25.1,59
deep_brown_black,38.25737951307916,24.50908,deep_brown_black_high_high,4,20.5,57
medium,37.06750087295376,24.60208,medium_high_high,6,25.5,79
tan_brown,36.42031198811063,23.01568,tan_brown_high_high,4,20.1,78
tan_brown,38.03930672226585,25.9086,tan_brown_high_high,4,36.0,29
tan_brown,38.74699513857611,23.62122,tan_brown_high_high,4,19.4,83
tan_brown,36.37128657185029,21.2206,tan_brown_high_high,9,39.0,82
light,36.86755863114841,27.01575,light_high_high,9,25.4,68
light,35.68176166453381,27.18471,light_high_high,2,36.2,83
medium,37.91335707492523,26.39899,medium_high_high,0,30.7,51
fair,35.01133513351116,26.23835,fair_high_high,4,33.4,26
tan_brown,38.30395743667432,22.11566,tan_brown_high_high,8,34.2,40
deep_brown_black,35.639329615573,20.11118,deep_brown_black_high_high,0,27.6,39
fair,35.68838634974021,29.98753,fair_high_high,2,28.6,45
